<?xml version="1.0" encoding="UTF-8"?>
<project-private xmlns="http://www.netbeans.org/ns/project-private/1">
    <editor-bookmarks xmlns="http://www.netbeans.org/ns/editor-bookmarks/2" lastBookmarkId="0"/>
    <open-files xmlns="http://www.netbeans.org/ns/projectui-open-files/2">
        <group>
            <file>file:/C:/Users/atrej/OneDrive/Escritorio/AdministradorArchivos/web/WEB-INF/includes/Bootstrap.jsp</file>
            <file>file:/C:/Users/atrej/OneDrive/Escritorio/AdministradorArchivos/web/WEB-INF/views/DirView.jsp</file>
            <file>file:/C:/Users/atrej/OneDrive/Escritorio/AdministradorArchivos/src/java/me/jmll/i18n/app.properties</file>
            <file>file:/C:/Users/atrej/OneDrive/Escritorio/AdministradorArchivos/web/WEB-INF/index.jsp</file>
            <file>file:/C:/Users/atrej/OneDrive/Escritorio/AdministradorArchivos/web/WEB-INF/web.xml</file>
            <file>file:/C:/Users/atrej/OneDrive/Escritorio/AdministradorArchivos/src/java/me/jmll/AdminArchivos.java</file>
            <file>file:/C:/Users/atrej/OneDrive/Escritorio/AdministradorArchivos/web/WEB-INF/views/DirForm.jsp</file>
            <file>file:/C:/Users/atrej/OneDrive/Escritorio/AdministradorArchivos/src/java/me/jmll/io/NIO2RecursiveDir.java</file>
            <file>file:/C:/Users/atrej/OneDrive/Escritorio/AdministradorArchivos/src/java/me/jmll/DescargaArchivo.java</file>
            <file>file:/C:/Users/atrej/OneDrive/Escritorio/AdministradorArchivos/src/java/me/jmll/ListaArchivos.java</file>
            <file>file:/C:/Users/atrej/OneDrive/Escritorio/AdministradorArchivos/web/WEB-INF/includes/BootstrapJS.jsp</file>
            <file>file:/C:/Users/atrej/OneDrive/Escritorio/AdministradorArchivos/src/java/me/jmll/i18n/app_es.properties</file>
        </group>
    </open-files>
</project-private>
